trial,variant,workload,skew,len,capacity,per_shard,shards,elapsed_ns,hits,misses,evictions
1,orig,cluster006,,1000000,1024,1024,1,49304041,132154,867846,866822
1,j8_n32,cluster006,,1000000,1024,32,32,32023474,131317,868683,867659
1,mini_moka,cluster006,,1000000,1024,0,0,500526428,106445,893555,0
1,moka,cluster006,,1000000,1024,0,0,880099067,106064,893936,0
1,orig,cluster006,,1000000,4096,4096,1,44749485,348606,651394,647298
1,j8_n128,cluster006,,1000000,4096,32,128,33194063,351809,648191,644095
1,mini_moka,cluster006,,1000000,4096,0,0,457136090,333259,666741,0
1,moka,cluster006,,1000000,4096,0,0,853051104,332034,667966,0
1,orig,cluster006,,1000000,16384,16384,1,37410267,640281,359719,343335
1,j8_n512,cluster006,,1000000,16384,32,512,31036888,638399,361601,345217
1,mini_moka,cluster006,,1000000,16384,0,0,415627363,618693,381307,0
1,moka,cluster006,,1000000,16384,0,0,709874086,618323,381677,0
1,orig,cluster006,,1000000,65536,65536,1,26706214,829343,170657,105121
1,j8_n2048,cluster006,,1000000,65536,32,2048,28504775,827400,172600,107064
1,mini_moka,cluster006,,1000000,65536,0,0,430321326,807062,192938,0
1,moka,cluster006,,1000000,65536,0,0,698137140,807553,192447,0
1,orig,cluster018,,1000000,1024,1024,1,37396521,501676,498324,497300
1,j8_n32,cluster018,,1000000,1024,32,32,31393100,510136,489864,488840
1,mini_moka,cluster018,,1000000,1024,0,0,424999749,381577,618423,0
1,moka,cluster018,,1000000,1024,0,0,752083807,381373,618627,0
1,orig,cluster018,,1000000,4096,4096,1,31751286,625267,374733,370637
1,j8_n128,cluster018,,1000000,4096,32,128,31986784,627333,372667,368571
1,mini_moka,cluster018,,1000000,4096,0,0,420685577,497943,502057,0
1,moka,cluster018,,1000000,4096,0,0,709870593,498408,501592,0
1,orig,cluster018,,1000000,16384,16384,1,28794079,737810,262190,245806
1,j8_n512,cluster018,,1000000,16384,32,512,30205553,736524,263476,247092
1,mini_moka,cluster018,,1000000,16384,0,0,394814017,619464,380536,0
1,moka,cluster018,,1000000,16384,0,0,805311556,619631,380369,0
1,orig,cluster018,,1000000,65536,65536,1,26344483,820608,179392,113856
1,j8_n2048,cluster018,,1000000,65536,32,2048,29485559,820448,179552,114016
1,mini_moka,cluster018,,1000000,65536,0,0,396066175,713593,286407,0
1,moka,cluster018,,1000000,65536,0,0,696783238,713186,286814,0
1,orig,cluster019,,1000000,1024,1024,1,49224158,240886,759114,758090
1,j8_n32,cluster019,,1000000,1024,32,32,33503698,304116,695884,694860
1,mini_moka,cluster019,,1000000,1024,0,0,517572767,33545,966455,0
1,moka,cluster019,,1000000,1024,0,0,915448946,33739,966261,0
1,orig,cluster019,,1000000,4096,4096,1,42158050,296407,703593,699497
1,j8_n128,cluster019,,1000000,4096,32,128,34453754,316413,683587,679491
1,mini_moka,cluster019,,1000000,4096,0,0,518226704,35533,964467,0
1,moka,cluster019,,1000000,4096,0,0,986043525,35367,964633,0
1,orig,cluster019,,1000000,16384,16384,1,50756006,315254,684746,668362
1,j8_n512,cluster019,,1000000,16384,32,512,35177805,321732,678268,661884
1,mini_moka,cluster019,,1000000,16384,0,0,532326216,43195,956805,0
1,moka,cluster019,,1000000,16384,0,0,1092064431,43602,956398,0
1,orig,cluster019,,1000000,65536,65536,1,59266102,327455,672545,607009
1,j8_n2048,cluster019,,1000000,65536,32,2048,37040020,328763,671237,605701
1,mini_moka,cluster019,,1000000,65536,0,0,555137001,75052,924948,0
1,moka,cluster019,,1000000,65536,0,0,1366293789,75264,924736,0
1,orig,zipf,0.6,1000000,1024,1024,1,51556413,115269,884731,883707
1,j8_n32,zipf,0.6,1000000,1024,32,32,30445768,120283,879717,878693
1,mini_moka,zipf,0.6,1000000,1024,0,0,503977460,96831,903169,0
1,moka,zipf,0.6,1000000,1024,0,0,867841256,97151,902849,0
1,orig,zipf,0.6,1000000,4096,4096,1,46779408,213104,786896,782800
1,j8_n128,zipf,0.6,1000000,4096,32,128,30611563,221065,778935,774839
1,mini_moka,zipf,0.6,1000000,4096,0,0,482869829,212744,787256,0
1,moka,zipf,0.6,1000000,4096,0,0,908268232,213177,786823,0
1,orig,zipf,0.6,1000000,16384,16384,1,48153617,401834,598166,581782
1,j8_n512,zipf,0.6,1000000,16384,32,512,33642273,407711,592289,575905
1,mini_moka,zipf,0.6,1000000,16384,0,0,459142595,413485,586515,0
1,moka,zipf,0.6,1000000,16384,0,0,889006602,415786,584214,0
1,orig,zipf,0.6,1000000,65536,65536,1,38135924,770684,229316,163780
1,j8_n2048,zipf,0.6,1000000,65536,32,2048,34491799,766341,233659,168146
1,mini_moka,zipf,0.6,1000000,65536,0,0,443387873,769867,230133,0
1,moka,zipf,0.6,1000000,65536,0,0,758235558,769569,230431,0
1,orig,zipf,0.8,1000000,1024,1024,1,41260017,309067,690933,689909
1,j8_n32,zipf,0.8,1000000,1024,32,32,30023319,311111,688889,687865
1,mini_moka,zipf,0.8,1000000,1024,0,0,451871047,290361,709639,0
1,moka,zipf,0.8,1000000,1024,0,0,786717253,290281,709719,0
1,orig,zipf,0.8,1000000,4096,4096,1,37679740,432521,567479,563383
1,j8_n128,zipf,0.8,1000000,4096,32,128,30675462,438115,561885,557789
1,mini_moka,zipf,0.8,1000000,4096,0,0,424375803,434726,565274,0
1,moka,zipf,0.8,1000000,4096,0,0,770073546,434654,565346,0
1,orig,zipf,0.8,1000000,16384,16384,1,36083669,606609,393391,377007
1,j8_n512,zipf,0.8,1000000,16384,32,512,31282483,608253,391747,375363
1,mini_moka,zipf,0.8,1000000,16384,0,0,401113540,615905,384095,0
1,moka,zipf,0.8,1000000,16384,0,0,771795319,615818,384182,0
1,orig,zipf,0.8,1000000,65536,65536,1,25535214,848244,151756,86220
1,j8_n2048,zipf,0.8,1000000,65536,32,2048,28371812,844211,155789,90290
1,mini_moka,zipf,0.8,1000000,65536,0,0,421637395,846427,153573,0
1,moka,zipf,0.8,1000000,65536,0,0,630194388,846493,153507,0
1,orig,zipf,1.0,1000000,1024,1024,1,31950389,598348,401652,400628
1,j8_n32,zipf,1.0,1000000,1024,32,32,28081022,596016,403984,402960
1,mini_moka,zipf,1.0,1000000,1024,0,0,369187156,589680,410320,0
1,moka,zipf,1.0,1000000,1024,0,0,596762174,590196,409804,0
1,orig,zipf,1.0,1000000,4096,4096,1,27060828,705635,294365,290269
1,j8_n128,zipf,1.0,1000000,4096,32,128,24069256,706937,293063,288967
1,mini_moka,zipf,1.0,1000000,4096,0,0,346943784,708291,291709,0
1,moka,zipf,1.0,1000000,4096,0,0,557832742,707609,292391,0
1,orig,zipf,1.0,1000000,16384,16384,1,22646009,814191,185809,169425
1,j8_n512,zipf,1.0,1000000,16384,32,512,21486493,813264,186736,170352
1,mini_moka,zipf,1.0,1000000,16384,0,0,321825372,817009,182991,0
1,moka,zipf,1.0,1000000,16384,0,0,517410014,816225,183775,0
1,orig,zipf,1.0,1000000,65536,65536,1,23784695,913192,86808,21272
1,j8_n2048,zipf,1.0,1000000,65536,32,2048,19311087,910796,89204,24210
1,mini_moka,zipf,1.0,1000000,65536,0,0,334654566,913034,86966,0
1,moka,zipf,1.0,1000000,65536,0,0,412995428,912980,87020,0
1,orig,zipf,1.2,1000000,1024,1024,1,18991720,841056,158944,157920
1,j8_n32,zipf,1.2,1000000,1024,32,32,17362574,838820,161180,160156
1,mini_moka,zipf,1.2,1000000,1024,0,0,281401025,839350,160650,0
1,moka,zipf,1.2,1000000,1024,0,0,423582221,839435,160565,0
1,orig,zipf,1.2,1000000,4096,4096,1,17215686,897791,102209,98113
1,j8_n128,zipf,1.2,1000000,4096,32,128,15970013,897179,102821,98725
1,mini_moka,zipf,1.2,1000000,4096,0,0,275275274,899441,100559,0
1,moka,zipf,1.2,1000000,4096,0,0,388135557,898157,101843,0
1,orig,zipf,1.2,1000000,16384,16384,1,14542659,937388,62612,46228
1,j8_n512,zipf,1.2,1000000,16384,32,512,14923640,936865,63135,46751
1,mini_moka,zipf,1.2,1000000,16384,0,0,272371017,936892,63108,0
1,moka,zipf,1.2,1000000,16384,0,0,353237208,936930,63070,0
1,orig,zipf,1.2,1000000,65536,65536,1,16076104,953382,46618,0
1,j8_n2048,zipf,1.2,1000000,65536,32,2048,14794435,953375,46625,128
1,mini_moka,zipf,1.2,1000000,65536,0,0,274210648,953382,46618,0
1,moka,zipf,1.2,1000000,65536,0,0,313770478,953382,46618,0
2,orig,cluster006,,1000000,1024,1024,1,47173148,132154,867846,866822
2,j8_n32,cluster006,,1000000,1024,32,32,30355580,131317,868683,867659
2,mini_moka,cluster006,,1000000,1024,0,0,495921834,106695,893305,0
2,moka,cluster006,,1000000,1024,0,0,852113259,105743,894257,0
2,orig,cluster006,,1000000,4096,4096,1,44696624,348606,651394,647298
2,j8_n128,cluster006,,1000000,4096,32,128,32704143,351809,648191,644095
2,mini_moka,cluster006,,1000000,4096,0,0,439875576,331802,668198,0
2,moka,cluster006,,1000000,4096,0,0,823793236,332084,667916,0
2,orig,cluster006,,1000000,16384,16384,1,35515672,640281,359719,343335
2,j8_n512,cluster006,,1000000,16384,32,512,30670944,638399,361601,345217
2,mini_moka,cluster006,,1000000,16384,0,0,392918495,615641,384359,0
2,moka,cluster006,,1000000,16384,0,0,709719691,617350,382650,0
2,orig,cluster006,,1000000,65536,65536,1,26069625,829343,170657,105121
2,j8_n2048,cluster006,,1000000,65536,32,2048,26924185,827400,172600,107064
2,mini_moka,cluster006,,1000000,65536,0,0,378516132,807343,192657,0
2,moka,cluster006,,1000000,65536,0,0,654715263,807456,192544,0
2,orig,cluster018,,1000000,1024,1024,1,36255355,501676,498324,497300
2,j8_n32,cluster018,,1000000,1024,32,32,30933256,510136,489864,488840
2,mini_moka,cluster018,,1000000,1024,0,0,409840759,382227,617773,0
2,moka,cluster018,,1000000,1024,0,0,685536102,381448,618552,0
2,orig,cluster018,,1000000,4096,4096,1,29712365,625267,374733,370637
2,j8_n128,cluster018,,1000000,4096,32,128,31420148,627333,372667,368571
2,mini_moka,cluster018,,1000000,4096,0,0,388712350,498292,501708,0
2,moka,cluster018,,1000000,4096,0,0,691779585,497818,502182,0
2,orig,cluster018,,1000000,16384,16384,1,28086099,737810,262190,245806
2,j8_n512,cluster018,,1000000,16384,32,512,30465942,736524,263476,247092
2,mini_moka,cluster018,,1000000,16384,0,0,372019394,619888,380112,0
2,moka,cluster018,,1000000,16384,0,0,678233941,619728,380272,0
2,orig,cluster018,,1000000,65536,65536,1,25371569,820608,179392,113856
2,j8_n2048,cluster018,,1000000,65536,32,2048,27490902,820448,179552,114016
2,mini_moka,cluster018,,1000000,65536,0,0,392411876,713497,286503,0
2,moka,cluster018,,1000000,65536,0,0,704058256,713233,286767,0
2,orig,cluster019,,1000000,1024,1024,1,50604755,240886,759114,758090
2,j8_n32,cluster019,,1000000,1024,32,32,33547362,304116,695884,694860
2,mini_moka,cluster019,,1000000,1024,0,0,508645927,33660,966340,0
2,moka,cluster019,,1000000,1024,0,0,890816245,33632,966368,0
2,orig,cluster019,,1000000,4096,4096,1,44576612,296407,703593,699497
2,j8_n128,cluster019,,1000000,4096,32,128,34119030,316413,683587,679491
2,mini_moka,cluster019,,1000000,4096,0,0,514140434,35270,964730,0
2,moka,cluster019,,1000000,4096,0,0,980245769,35389,964611,0
2,orig,cluster019,,1000000,16384,16384,1,50231172,315254,684746,668362
2,j8_n512,cluster019,,1000000,16384,32,512,40314440,321732,678268,661884
2,mini_moka,cluster019,,1000000,16384,0,0,553324566,43460,956540,0
2,moka,cluster019,,1000000,16384,0,0,1073033107,43280,956720,0
2,orig,cluster019,,1000000,65536,65536,1,59522801,327455,672545,607009
2,j8_n2048,cluster019,,1000000,65536,32,2048,37628006,328763,671237,605701
2,mini_moka,cluster019,,1000000,65536,0,0,547980920,75354,924646,0
2,moka,cluster019,,1000000,65536,0,0,1375292312,74709,925291,0
2,orig,zipf,0.6,1000000,1024,1024,1,50616921,115269,884731,883707
2,j8_n32,zipf,0.6,1000000,1024,32,32,29695546,120283,879717,878693
2,mini_moka,zipf,0.6,1000000,1024,0,0,493720702,97227,902773,0
2,moka,zipf,0.6,1000000,1024,0,0,869590119,97325,902675,0
2,orig,zipf,0.6,1000000,4096,4096,1,46977810,213104,786896,782800
2,j8_n128,zipf,0.6,1000000,4096,32,128,30336132,221065,778935,774839
2,mini_moka,zipf,0.6,1000000,4096,0,0,475523090,212549,787451,0
2,moka,zipf,0.6,1000000,4096,0,0,889666858,212596,787404,0
2,orig,zipf,0.6,1000000,16384,16384,1,48185602,401834,598166,581782
2,j8_n512,zipf,0.6,1000000,16384,32,512,32863477,407711,592289,575905
2,mini_moka,zipf,0.6,1000000,16384,0,0,453755853,415210,584790,0
2,moka,zipf,0.6,1000000,16384,0,0,874404345,414680,585320,0
2,orig,zipf,0.6,1000000,65536,65536,1,29240460,770684,229316,163780
2,j8_n2048,zipf,0.6,1000000,65536,32,2048,33825914,766341,233659,168146
2,mini_moka,zipf,0.6,1000000,65536,0,0,447094954,769234,230766,0
2,moka,zipf,0.6,1000000,65536,0,0,742464696,769912,230088,0
2,orig,zipf,0.8,1000000,1024,1024,1,40560139,309067,690933,689909
2,j8_n32,zipf,0.8,1000000,1024,32,32,29755972,311111,688889,687865
2,mini_moka,zipf,0.8,1000000,1024,0,0,435226828,290054,709946,0
2,moka,zipf,0.8,1000000,1024,0,0,756149435,290318,709682,0
2,orig,zipf,0.8,1000000,4096,4096,1,37200056,432521,567479,563383
2,j8_n128,zipf,0.8,1000000,4096,32,128,30105840,438115,561885,557789
2,mini_moka,zipf,0.8,1000000,4096,0,0,414252685,433628,566372,0
2,moka,zipf,0.8,1000000,4096,0,0,737435701,434473,565527,0
2,orig,zipf,0.8,1000000,16384,16384,1,35440416,606609,393391,377007
2,j8_n512,zipf,0.8,1000000,16384,32,512,30172025,608253,391747,375363
2,mini_moka,zipf,0.8,1000000,16384,0,0,385562162,615509,384491,0
2,moka,zipf,0.8,1000000,16384,0,0,679372056,616119,383881,0
2,orig,zipf,0.8,1000000,65536,65536,1,25724947,848244,151756,86220
2,j8_n2048,zipf,0.8,1000000,65536,32,2048,26651028,844211,155789,90290
2,mini_moka,zipf,0.8,1000000,65536,0,0,391819507,845443,154557,0
2,moka,zipf,0.8,1000000,65536,0,0,601793424,846481,153519,0
2,orig,zipf,1.0,1000000,1024,1024,1,28501667,598348,401652,400628
2,j8_n32,zipf,1.0,1000000,1024,32,32,25303350,596016,403984,402960
2,mini_moka,zipf,1.0,1000000,1024,0,0,352391996,589389,410611,0
2,moka,zipf,1.0,1000000,1024,0,0,573048399,589855,410145,0
2,orig,zipf,1.0,1000000,4096,4096,1,24586767,705635,294365,290269
2,j8_n128,zipf,1.0,1000000,4096,32,128,22661811,706937,293063,288967
2,mini_moka,zipf,1.0,1000000,4096,0,0,331277823,707637,292363,0
2,moka,zipf,1.0,1000000,4096,0,0,533187886,706732,293268,0
2,orig,zipf,1.0,1000000,16384,16384,1,22260648,814191,185809,169425
2,j8_n512,zipf,1.0,1000000,16384,32,512,21631183,813264,186736,170352
2,mini_moka,zipf,1.0,1000000,16384,0,0,314510469,815933,184067,0
2,moka,zipf,1.0,1000000,16384,0,0,503750437,816058,183942,0
2,orig,zipf,1.0,1000000,65536,65536,1,19720804,913192,86808,21272
2,j8_n2048,zipf,1.0,1000000,65536,32,2048,18971389,910796,89204,24210
2,mini_moka,zipf,1.0,1000000,65536,0,0,336926027,912998,87002,0
2,moka,zipf,1.0,1000000,65536,0,0,424002259,912968,87032,0
2,orig,zipf,1.2,1000000,1024,1024,1,17909369,841056,158944,157920
2,j8_n32,zipf,1.2,1000000,1024,32,32,16780811,838820,161180,160156
2,mini_moka,zipf,1.2,1000000,1024,0,0,275805567,839674,160326,0
2,moka,zipf,1.2,1000000,1024,0,0,404640796,839562,160438,0
2,orig,zipf,1.2,1000000,4096,4096,1,17205849,897791,102209,98113
2,j8_n128,zipf,1.2,1000000,4096,32,128,15152162,897179,102821,98725
2,mini_moka,zipf,1.2,1000000,4096,0,0,262944460,899720,100280,0
2,moka,zipf,1.2,1000000,4096,0,0,375377357,899544,100456,0
2,orig,zipf,1.2,1000000,16384,16384,1,14848909,937388,62612,46228
2,j8_n512,zipf,1.2,1000000,16384,32,512,14759776,936865,63135,46751
2,mini_moka,zipf,1.2,1000000,16384,0,0,263146092,936872,63128,0
2,moka,zipf,1.2,1000000,16384,0,0,372792553,936950,63050,0
2,orig,zipf,1.2,1000000,65536,65536,1,16788951,953382,46618,0
2,j8_n2048,zipf,1.2,1000000,65536,32,2048,13989770,953375,46625,128
2,mini_moka,zipf,1.2,1000000,65536,0,0,271393103,953382,46618,0
2,moka,zipf,1.2,1000000,65536,0,0,298049600,953382,46618,0
3,orig,cluster006,,1000000,1024,1024,1,45076931,132154,867846,866822
3,j8_n32,cluster006,,1000000,1024,32,32,29442488,131317,868683,867659
3,mini_moka,cluster006,,1000000,1024,0,0,478020060,105621,894379,0
3,moka,cluster006,,1000000,1024,0,0,832203363,106265,893735,0
3,orig,cluster006,,1000000,4096,4096,1,40322715,348606,651394,647298
3,j8_n128,cluster006,,1000000,4096,32,128,31268654,351809,648191,644095
3,mini_moka,cluster006,,1000000,4096,0,0,424622413,332320,667680,0
3,moka,cluster006,,1000000,4096,0,0,792644449,332321,667679,0
3,orig,cluster006,,1000000,16384,16384,1,33757299,640281,359719,343335
3,j8_n512,cluster006,,1000000,16384,32,512,29908707,638399,361601,345217
3,mini_moka,cluster006,,1000000,16384,0,0,379490474,617808,382192,0
3,moka,cluster006,,1000000,16384,0,0,663761204,618650,381350,0
3,orig,cluster006,,1000000,65536,65536,1,25162608,829343,170657,105121
3,j8_n2048,cluster006,,1000000,65536,32,2048,26698647,827400,172600,107064
3,mini_moka,cluster006,,1000000,65536,0,0,378246871,806632,193368,0
3,moka,cluster006,,1000000,65536,0,0,620504361,806555,193445,0
3,orig,cluster018,,1000000,1024,1024,1,36286968,501676,498324,497300
3,j8_n32,cluster018,,1000000,1024,32,32,30060301,510136,489864,488840
3,mini_moka,cluster018,,1000000,1024,0,0,415417108,381551,618449,0
3,moka,cluster018,,1000000,1024,0,0,696509011,381822,618178,0
3,orig,cluster018,,1000000,4096,4096,1,31308754,625267,374733,370637
3,j8_n128,cluster018,,1000000,4096,32,128,30002893,627333,372667,368571
3,mini_moka,cluster018,,1000000,4096,0,0,389776091,498030,501970,0
3,moka,cluster018,,1000000,4096,0,0,691188072,498101,501899,0
3,orig,cluster018,,1000000,16384,16384,1,29448642,737810,262190,245806
3,j8_n512,cluster018,,1000000,16384,32,512,30746192,736524,263476,247092
3,mini_moka,cluster018,,1000000,16384,0,0,371836770,619620,380380,0
3,moka,cluster018,,1000000,16384,0,0,662094016,620139,379861,0
3,orig,cluster018,,1000000,65536,65536,1,24607945,820608,179392,113856
3,j8_n2048,cluster018,,1000000,65536,32,2048,27206715,820448,179552,114016
3,mini_moka,cluster018,,1000000,65536,0,0,386604100,713461,286539,0
3,moka,cluster018,,1000000,65536,0,0,673541206,713507,286493,0
3,orig,cluster019,,1000000,1024,1024,1,49104358,240886,759114,758090
3,j8_n32,cluster019,,1000000,1024,32,32,32065186,304116,695884,694860
3,mini_moka,cluster019,,1000000,1024,0,0,503715320,33481,966519,0
3,moka,cluster019,,1000000,1024,0,0,902785432,33751,966249,0
3,orig,cluster019,,1000000,4096,4096,1,45853792,296407,703593,699497
3,j8_n128,cluster019,,1000000,4096,32,128,33902837,316413,683587,679491
3,mini_moka,cluster019,,1000000,4096,0,0,519759918,35040,964960,0
3,moka,cluster019,,1000000,4096,0,0,995700990,35227,964773,0
3,orig,cluster019,,1000000,16384,16384,1,50027470,315254,684746,668362
3,j8_n512,cluster019,,1000000,16384,32,512,34260322,321732,678268,661884
3,mini_moka,cluster019,,1000000,16384,0,0,537201564,43519,956481,0
3,moka,cluster019,,1000000,16384,0,0,1049027895,43253,956747,0
3,orig,cluster019,,1000000,65536,65536,1,60253805,327455,672545,607009
3,j8_n2048,cluster019,,1000000,65536,32,2048,37519194,328763,671237,605701
3,mini_moka,cluster019,,1000000,65536,0,0,556625523,75244,924756,0
3,moka,cluster019,,1000000,65536,0,0,1443897861,75348,924652,0
3,orig,zipf,0.6,1000000,1024,1024,1,50529744,115269,884731,883707
3,j8_n32,zipf,0.6,1000000,1024,32,32,29566940,120283,879717,878693
3,mini_moka,zipf,0.6,1000000,1024,0,0,485399072,97316,902684,0
3,moka,zipf,0.6,1000000,1024,0,0,851782161,97613,902387,0
3,orig,zipf,0.6,1000000,4096,4096,1,44530577,213104,786896,782800
3,j8_n128,zipf,0.6,1000000,4096,32,128,30281107,221065,778935,774839
3,mini_moka,zipf,0.6,1000000,4096,0,0,468448030,213245,786755,0
3,moka,zipf,0.6,1000000,4096,0,0,865440474,212889,787111,0
3,orig,zipf,0.6,1000000,16384,16384,1,49445446,401834,598166,581782
3,j8_n512,zipf,0.6,1000000,16384,32,512,31726127,407711,592289,575905
3,mini_moka,zipf,0.6,1000000,16384,0,0,448211000,415122,584878,0
3,moka,zipf,0.6,1000000,16384,0,0,827997761,413876,586124,0
3,orig,zipf,0.6,1000000,65536,65536,1,28901097,770684,229316,163780
3,j8_n2048,zipf,0.6,1000000,65536,32,2048,32445351,766341,233659,168146
3,mini_moka,zipf,0.6,1000000,65536,0,0,430622389,769966,230034,0
3,moka,zipf,0.6,1000000,65536,0,0,748130533,769421,230579,0
3,orig,zipf,0.8,1000000,1024,1024,1,38526864,309067,690933,689909
3,j8_n32,zipf,0.8,1000000,1024,32,32,29515780,311111,688889,687865
3,mini_moka,zipf,0.8,1000000,1024,0,0,430120310,290391,709609,0
3,moka,zipf,0.8,1000000,1024,0,0,742074930,289875,710125,0
3,orig,zipf,0.8,1000000,4096,4096,1,40265813,432521,567479,563383
3,j8_n128,zipf,0.8,1000000,4096,32,128,29566135,438115,561885,557789
3,mini_moka,zipf,0.8,1000000,4096,0,0,407313169,434306,565694,0
3,moka,zipf,0.8,1000000,4096,0,0,742305160,434457,565543,0
3,orig,zipf,0.8,1000000,16384,16384,1,33717879,606609,393391,377007
3,j8_n512,zipf,0.8,1000000,16384,32,512,28820605,608253,391747,375363
3,mini_moka,zipf,0.8,1000000,16384,0,0,379834079,614631,385369,0
3,moka,zipf,0.8,1000000,16384,0,0,658971679,615831,384169,0
3,orig,zipf,0.8,1000000,65536,65536,1,21862344,848244,151756,86220
3,j8_n2048,zipf,0.8,1000000,65536,32,2048,25602258,844211,155789,90290
3,mini_moka,zipf,0.8,1000000,65536,0,0,385523382,845707,154293,0
3,moka,zipf,0.8,1000000,65536,0,0,589626619,846363,153637,0
3,orig,zipf,1.0,1000000,1024,1024,1,27319844,598348,401652,400628
3,j8_n32,zipf,1.0,1000000,1024,32,32,25161650,596016,403984,402960
3,mini_moka,zipf,1.0,1000000,1024,0,0,344136235,589728,410272,0
3,moka,zipf,1.0,1000000,1024,0,0,549422218,589845,410155,0
3,orig,zipf,1.0,1000000,4096,4096,1,26407766,705635,294365,290269
3,j8_n128,zipf,1.0,1000000,4096,32,128,22368633,706937,293063,288967
3,mini_moka,zipf,1.0,1000000,4096,0,0,316391654,707710,292290,0
3,moka,zipf,1.0,1000000,4096,0,0,524904578,708036,291964,0
3,orig,zipf,1.0,1000000,16384,16384,1,21363419,814191,185809,169425
3,j8_n512,zipf,1.0,1000000,16384,32,512,20155618,813264,186736,170352
3,mini_moka,zipf,1.0,1000000,16384,0,0,309432051,817118,182882,0
3,moka,zipf,1.0,1000000,16384,0,0,503522151,816977,183023,0
3,orig,zipf,1.0,1000000,65536,65536,1,17199086,913192,86808,21272
3,j8_n2048,zipf,1.0,1000000,65536,32,2048,18135680,910796,89204,24210
3,mini_moka,zipf,1.0,1000000,65536,0,0,322813653,913088,86912,0
3,moka,zipf,1.0,1000000,65536,0,0,412438975,912924,87076,0
3,orig,zipf,1.2,1000000,1024,1024,1,17600499,841056,158944,157920
3,j8_n32,zipf,1.2,1000000,1024,32,32,16476868,838820,161180,160156
3,mini_moka,zipf,1.2,1000000,1024,0,0,271676227,839171,160829,0
3,moka,zipf,1.2,1000000,1024,0,0,398116669,839777,160223,0
3,orig,zipf,1.2,1000000,4096,4096,1,18636552,897791,102209,98113
3,j8_n128,zipf,1.2,1000000,4096,32,128,16284023,897179,102821,98725
3,mini_moka,zipf,1.2,1000000,4096,0,0,268190307,899758,100242,0
3,moka,zipf,1.2,1000000,4096,0,0,371260547,899401,100599,0
3,orig,zipf,1.2,1000000,16384,16384,1,16037494,937388,62612,46228
3,j8_n512,zipf,1.2,1000000,16384,32,512,15361312,936865,63135,46751
3,mini_moka,zipf,1.2,1000000,16384,0,0,267926844,936869,63131,0
3,moka,zipf,1.2,1000000,16384,0,0,359829400,936796,63204,0
3,orig,zipf,1.2,1000000,65536,65536,1,15533612,953382,46618,0
3,j8_n2048,zipf,1.2,1000000,65536,32,2048,15022203,953375,46625,128
3,mini_moka,zipf,1.2,1000000,65536,0,0,276667529,953382,46618,0
3,moka,zipf,1.2,1000000,65536,0,0,323860253,953382,46618,0
4,orig,cluster006,,1000000,1024,1024,1,46301913,132154,867846,866822
4,j8_n32,cluster006,,1000000,1024,32,32,30122997,131317,868683,867659
4,mini_moka,cluster006,,1000000,1024,0,0,484373051,105793,894207,0
4,moka,cluster006,,1000000,1024,0,0,846999733,106187,893813,0
4,orig,cluster006,,1000000,4096,4096,1,41663714,348606,651394,647298
4,j8_n128,cluster006,,1000000,4096,32,128,31368934,351809,648191,644095
4,mini_moka,cluster006,,1000000,4096,0,0,438729148,332575,667425,0
4,moka,cluster006,,1000000,4096,0,0,814057834,332683,667317,0
4,orig,cluster006,,1000000,16384,16384,1,32682000,640281,359719,343335
4,j8_n512,cluster006,,1000000,16384,32,512,32035507,638399,361601,345217
4,mini_moka,cluster006,,1000000,16384,0,0,389411323,617885,382115,0
4,moka,cluster006,,1000000,16384,0,0,677428874,617588,382412,0
4,orig,cluster006,,1000000,65536,65536,1,28547147,829343,170657,105121
4,j8_n2048,cluster006,,1000000,65536,32,2048,26686122,827400,172600,107064
4,mini_moka,cluster006,,1000000,65536,0,0,388245279,807441,192559,0
4,moka,cluster006,,1000000,65536,0,0,653111467,804454,195546,0
4,orig,cluster018,,1000000,1024,1024,1,37052493,501676,498324,497300
4,j8_n32,cluster018,,1000000,1024,32,32,31775218,510136,489864,488840
4,mini_moka,cluster018,,1000000,1024,0,0,415724447,381461,618539,0
4,moka,cluster018,,1000000,1024,0,0,731644055,381391,618609,0
4,orig,cluster018,,1000000,4096,4096,1,31736666,625267,374733,370637
4,j8_n128,cluster018,,1000000,4096,32,128,33455076,627333,372667,368571
4,mini_moka,cluster018,,1000000,4096,0,0,406224844,498130,501870,0
4,moka,cluster018,,1000000,4096,0,0,722624807,498415,501585,0
4,orig,cluster018,,1000000,16384,16384,1,30225770,737810,262190,245806
4,j8_n512,cluster018,,1000000,16384,32,512,32059611,736524,263476,247092
4,mini_moka,cluster018,,1000000,16384,0,0,399835990,619394,380606,0
4,moka,cluster018,,1000000,16384,0,0,697395991,619557,380443,0
4,orig,cluster018,,1000000,65536,65536,1,27790396,820608,179392,113856
4,j8_n2048,cluster018,,1000000,65536,32,2048,29523131,820448,179552,114016
4,mini_moka,cluster018,,1000000,65536,0,0,399026152,713482,286518,0
4,moka,cluster018,,1000000,65536,0,0,721000931,713418,286582,0
4,orig,cluster019,,1000000,1024,1024,1,51685656,240886,759114,758090
4,j8_n32,cluster019,,1000000,1024,32,32,32774996,304116,695884,694860
4,mini_moka,cluster019,,1000000,1024,0,0,520047818,33070,966930,0
4,moka,cluster019,,1000000,1024,0,0,904644764,33890,966110,0
4,orig,cluster019,,1000000,4096,4096,1,42308213,296407,703593,699497
4,j8_n128,cluster019,,1000000,4096,32,128,34240895,316413,683587,679491
4,mini_moka,cluster019,,1000000,4096,0,0,508600587,35131,964869,0
4,moka,cluster019,,1000000,4096,0,0,962647146,35172,964828,0
4,orig,cluster019,,1000000,16384,16384,1,47481244,315254,684746,668362
4,j8_n512,cluster019,,1000000,16384,32,512,34099620,321732,678268,661884
4,mini_moka,cluster019,,1000000,16384,0,0,528702474,43498,956502,0
4,moka,cluster019,,1000000,16384,0,0,1030104066,43094,956906,0
4,orig,cluster019,,1000000,65536,65536,1,58594837,327455,672545,607009
4,j8_n2048,cluster019,,1000000,65536,32,2048,36523588,328763,671237,605701
4,mini_moka,cluster019,,1000000,65536,0,0,545684514,75338,924662,0
4,moka,cluster019,,1000000,65536,0,0,1424140328,75104,924896,0
4,orig,zipf,0.6,1000000,1024,1024,1,51089645,115269,884731,883707
4,j8_n32,zipf,0.6,1000000,1024,32,32,29778094,120283,879717,878693
4,mini_moka,zipf,0.6,1000000,1024,0,0,486188072,97464,902536,0
4,moka,zipf,0.6,1000000,1024,0,0,848667339,97127,902873,0
4,orig,zipf,0.6,1000000,4096,4096,1,44015024,213104,786896,782800
4,j8_n128,zipf,0.6,1000000,4096,32,128,29475689,221065,778935,774839
4,mini_moka,zipf,0.6,1000000,4096,0,0,460448588,212752,787248,0
4,moka,zipf,0.6,1000000,4096,0,0,850840560,212911,787089,0
4,orig,zipf,0.6,1000000,16384,16384,1,45210633,401834,598166,581782
4,j8_n512,zipf,0.6,1000000,16384,32,512,31278355,407711,592289,575905
4,mini_moka,zipf,0.6,1000000,16384,0,0,425072577,414980,585020,0
4,moka,zipf,0.6,1000000,16384,0,0,836928840,415667,584333,0
4,orig,zipf,0.6,1000000,65536,65536,1,29536715,770684,229316,163780
4,j8_n2048,zipf,0.6,1000000,65536,32,2048,30747894,766341,233659,168146
4,mini_moka,zipf,0.6,1000000,65536,0,0,421054327,769552,230448,0
4,moka,zipf,0.6,1000000,65536,0,0,719390923,769838,230162,0
4,orig,zipf,0.8,1000000,1024,1024,1,36395131,309067,690933,689909
4,j8_n32,zipf,0.8,1000000,1024,32,32,27408332,311111,688889,687865
4,mini_moka,zipf,0.8,1000000,1024,0,0,416522021,290136,709864,0
4,moka,zipf,0.8,1000000,1024,0,0,714337021,290247,709753,0
4,orig,zipf,0.8,1000000,4096,4096,1,34917834,432521,567479,563383
4,j8_n128,zipf,0.8,1000000,4096,32,128,28431250,438115,561885,557789
4,mini_moka,zipf,0.8,1000000,4096,0,0,391632407,435075,564925,0
4,moka,zipf,0.8,1000000,4096,0,0,734428013,434485,565515,0
4,orig,zipf,0.8,1000000,16384,16384,1,35606526,606609,393391,377007
4,j8_n512,zipf,0.8,1000000,16384,32,512,30382178,608253,391747,375363
4,mini_moka,zipf,0.8,1000000,16384,0,0,402650730,615903,384097,0
4,moka,zipf,0.8,1000000,16384,0,0,672616634,615947,384053,0
4,orig,zipf,0.8,1000000,65536,65536,1,26621287,848244,151756,86220
4,j8_n2048,zipf,0.8,1000000,65536,32,2048,25974151,844211,155789,90290
4,mini_moka,zipf,0.8,1000000,65536,0,0,392180252,846412,153588,0
4,moka,zipf,0.8,1000000,65536,0,0,594535754,846277,153723,0
4,orig,zipf,1.0,1000000,1024,1024,1,30773493,598348,401652,400628
4,j8_n32,zipf,1.0,1000000,1024,32,32,26091026,596016,403984,402960
4,mini_moka,zipf,1.0,1000000,1024,0,0,352828435,589655,410345,0
4,moka,zipf,1.0,1000000,1024,0,0,577438467,590251,409749,0
4,orig,zipf,1.0,1000000,4096,4096,1,25630919,705635,294365,290269
4,j8_n128,zipf,1.0,1000000,4096,32,128,22816720,706937,293063,288967
4,mini_moka,zipf,1.0,1000000,4096,0,0,329493260,708287,291713,0
4,moka,zipf,1.0,1000000,4096,0,0,543920733,707819,292181,0
4,orig,zipf,1.0,1000000,16384,16384,1,22090528,814191,185809,169425
4,j8_n512,zipf,1.0,1000000,16384,32,512,21626046,813264,186736,170352
4,mini_moka,zipf,1.0,1000000,16384,0,0,317324001,817185,182815,0
4,moka,zipf,1.0,1000000,16384,0,0,508073608,816106,183894,0
4,orig,zipf,1.0,1000000,65536,65536,1,21274081,913192,86808,21272
4,j8_n2048,zipf,1.0,1000000,65536,32,2048,19588195,910796,89204,24210
4,mini_moka,zipf,1.0,1000000,65536,0,0,334951698,912941,87059,0
4,moka,zipf,1.0,1000000,65536,0,0,424455418,912968,87032,0
4,orig,zipf,1.2,1000000,1024,1024,1,17958593,841056,158944,157920
4,j8_n32,zipf,1.2,1000000,1024,32,32,17430926,838820,161180,160156
4,mini_moka,zipf,1.2,1000000,1024,0,0,279864683,839385,160615,0
4,moka,zipf,1.2,1000000,1024,0,0,412534061,839745,160255,0
4,orig,zipf,1.2,1000000,4096,4096,1,16700398,897791,102209,98113
4,j8_n128,zipf,1.2,1000000,4096,32,128,16702221,897179,102821,98725
4,mini_moka,zipf,1.2,1000000,4096,0,0,264913502,899518,100482,0
4,moka,zipf,1.2,1000000,4096,0,0,377849277,899666,100334,0
4,orig,zipf,1.2,1000000,16384,16384,1,14946573,937388,62612,46228
4,j8_n512,zipf,1.2,1000000,16384,32,512,16275877,936865,63135,46751
4,mini_moka,zipf,1.2,1000000,16384,0,0,270285293,936826,63174,0
4,moka,zipf,1.2,1000000,16384,0,0,359756413,936891,63109,0
4,orig,zipf,1.2,1000000,65536,65536,1,16090460,953382,46618,0
4,j8_n2048,zipf,1.2,1000000,65536,32,2048,15244671,953375,46625,128
4,mini_moka,zipf,1.2,1000000,65536,0,0,274902627,953382,46618,0
4,moka,zipf,1.2,1000000,65536,0,0,312838207,953382,46618,0
5,orig,cluster006,,1000000,1024,1024,1,46201321,132154,867846,866822
5,j8_n32,cluster006,,1000000,1024,32,32,29664029,131317,868683,867659
5,mini_moka,cluster006,,1000000,1024,0,0,504571606,106422,893578,0
5,moka,cluster006,,1000000,1024,0,0,864992633,106945,893055,0
5,orig,cluster006,,1000000,4096,4096,1,41880701,348606,651394,647298
5,j8_n128,cluster006,,1000000,4096,32,128,32216976,351809,648191,644095
5,mini_moka,cluster006,,1000000,4096,0,0,440113592,332577,667423,0
5,moka,cluster006,,1000000,4096,0,0,824753065,332511,667489,0
5,orig,cluster006,,1000000,16384,16384,1,36345174,640281,359719,343335
5,j8_n512,cluster006,,1000000,16384,32,512,32921109,638399,361601,345217
5,mini_moka,cluster006,,1000000,16384,0,0,391954005,618385,381615,0
5,moka,cluster006,,1000000,16384,0,0,708418788,617622,382378,0
5,orig,cluster006,,1000000,65536,65536,1,25114193,829343,170657,105121
5,j8_n2048,cluster006,,1000000,65536,32,2048,27661434,827400,172600,107064
5,mini_moka,cluster006,,1000000,65536,0,0,398920669,807539,192461,0
5,moka,cluster006,,1000000,65536,0,0,671975284,807814,192186,0
5,orig,cluster018,,1000000,1024,1024,1,38915108,501676,498324,497300
5,j8_n32,cluster018,,1000000,1024,32,32,31316398,510136,489864,488840
5,mini_moka,cluster018,,1000000,1024,0,0,423652710,381513,618487,0
5,moka,cluster018,,1000000,1024,0,0,695938312,381647,618353,0
5,orig,cluster018,,1000000,4096,4096,1,31232034,625267,374733,370637
5,j8_n128,cluster018,,1000000,4096,32,128,30973179,627333,372667,368571
5,mini_moka,cluster018,,1000000,4096,0,0,384908302,497926,502074,0
5,moka,cluster018,,1000000,4096,0,0,689429395,498242,501758,0
5,orig,cluster018,,1000000,16384,16384,1,28158521,737810,262190,245806
5,j8_n512,cluster018,,1000000,16384,32,512,28827553,736524,263476,247092
5,mini_moka,cluster018,,1000000,16384,0,0,381665269,619485,380515,0
5,moka,cluster018,,1000000,16384,0,0,694315326,619576,380424,0
5,orig,cluster018,,1000000,65536,65536,1,23873301,820608,179392,113856
5,j8_n2048,cluster018,,1000000,65536,32,2048,27071381,820448,179552,114016
5,mini_moka,cluster018,,1000000,65536,0,0,389875226,713445,286555,0
5,moka,cluster018,,1000000,65536,0,0,679208593,713389,286611,0
5,orig,cluster019,,1000000,1024,1024,1,49953975,240886,759114,758090
5,j8_n32,cluster019,,1000000,1024,32,32,32005268,304116,695884,694860
5,mini_moka,cluster019,,1000000,1024,0,0,503889335,33595,966405,0
5,moka,cluster019,,1000000,1024,0,0,885513478,33516,966484,0
5,orig,cluster019,,1000000,4096,4096,1,43579849,296407,703593,699497
5,j8_n128,cluster019,,1000000,4096,32,128,32956923,316413,683587,679491
5,mini_moka,cluster019,,1000000,4096,0,0,509821589,35427,964573,0
5,moka,cluster019,,1000000,4096,0,0,983415976,35284,964716,0
5,orig,cluster019,,1000000,16384,16384,1,48774136,315254,684746,668362
5,j8_n512,cluster019,,1000000,16384,32,512,32605008,321732,678268,661884
5,mini_moka,cluster019,,1000000,16384,0,0,496271749,43353,956647,0
5,moka,cluster019,,1000000,16384,0,0,980712740,43655,956345,0
5,orig,cluster019,,1000000,65536,65536,1,51607666,327455,672545,607009
5,j8_n2048,cluster019,,1000000,65536,32,2048,35365012,328763,671237,605701
5,mini_moka,cluster019,,1000000,65536,0,0,509185180,74846,925154,0
5,moka,cluster019,,1000000,65536,0,0,1324129798,74707,925293,0
5,orig,zipf,0.6,1000000,1024,1024,1,49535294,115269,884731,883707
5,j8_n32,zipf,0.6,1000000,1024,32,32,28724542,120283,879717,878693
5,mini_moka,zipf,0.6,1000000,1024,0,0,479966064,96983,903017,0
5,moka,zipf,0.6,1000000,1024,0,0,856491687,97377,902623,0
5,orig,zipf,0.6,1000000,4096,4096,1,44264978,213104,786896,782800
5,j8_n128,zipf,0.6,1000000,4096,32,128,30646665,221065,778935,774839
5,mini_moka,zipf,0.6,1000000,4096,0,0,472918494,212406,787594,0
5,moka,zipf,0.6,1000000,4096,0,0,878264514,213242,786758,0
5,orig,zipf,0.6,1000000,16384,16384,1,47687152,401834,598166,581782
5,j8_n512,zipf,0.6,1000000,16384,32,512,33536047,407711,592289,575905
5,mini_moka,zipf,0.6,1000000,16384,0,0,450014948,414428,585572,0
5,moka,zipf,0.6,1000000,16384,0,0,855721819,415243,584757,0
5,orig,zipf,0.6,1000000,65536,65536,1,29325043,770684,229316,163780
5,j8_n2048,zipf,0.6,1000000,65536,32,2048,34010006,766341,233659,168146
5,mini_moka,zipf,0.6,1000000,65536,0,0,455844406,769589,230411,0
5,moka,zipf,0.6,1000000,65536,0,0,785719327,769105,230895,0
5,orig,zipf,0.8,1000000,1024,1024,1,38474696,309067,690933,689909
5,j8_n32,zipf,0.8,1000000,1024,32,32,29922661,311111,688889,687865
5,mini_moka,zipf,0.8,1000000,1024,0,0,439957453,290385,709615,0
5,moka,zipf,0.8,1000000,1024,0,0,767410678,289947,710053,0
5,orig,zipf,0.8,1000000,4096,4096,1,37952620,432521,567479,563383
5,j8_n128,zipf,0.8,1000000,4096,32,128,31088242,438115,561885,557789
5,mini_moka,zipf,0.8,1000000,4096,0,0,416165603,435122,564878,0
5,moka,zipf,0.8,1000000,4096,0,0,757693064,433525,566475,0
5,orig,zipf,0.8,1000000,16384,16384,1,35377083,606609,393391,377007
5,j8_n512,zipf,0.8,1000000,16384,32,512,30180531,608253,391747,375363
5,mini_moka,zipf,0.8,1000000,16384,0,0,385980614,615343,384657,0
5,moka,zipf,0.8,1000000,16384,0,0,765555475,615843,384157,0
5,orig,zipf,0.8,1000000,65536,65536,1,27287401,848244,151756,86220
5,j8_n2048,zipf,0.8,1000000,65536,32,2048,26147095,844211,155789,90290
5,mini_moka,zipf,0.8,1000000,65536,0,0,398787758,846313,153687,0
5,moka,zipf,0.8,1000000,65536,0,0,622442130,846430,153570,0
5,orig,zipf,1.0,1000000,1024,1024,1,27744731,598348,401652,400628
5,j8_n32,zipf,1.0,1000000,1024,32,32,26663734,596016,403984,402960
5,mini_moka,zipf,1.0,1000000,1024,0,0,364880308,589759,410241,0
5,moka,zipf,1.0,1000000,1024,0,0,584035771,589774,410226,0
5,orig,zipf,1.0,1000000,4096,4096,1,26201436,705635,294365,290269
5,j8_n128,zipf,1.0,1000000,4096,32,128,24278946,706937,293063,288967
5,mini_moka,zipf,1.0,1000000,4096,0,0,347925973,708057,291943,0
5,moka,zipf,1.0,1000000,4096,0,0,557971103,708628,291372,0
5,orig,zipf,1.0,1000000,16384,16384,1,24222688,814191,185809,169425
5,j8_n512,zipf,1.0,1000000,16384,32,512,21747669,813264,186736,170352
5,mini_moka,zipf,1.0,1000000,16384,0,0,333838779,816565,183435,0
5,moka,zipf,1.0,1000000,16384,0,0,498485905,816877,183123,0
5,orig,zipf,1.0,1000000,65536,65536,1,22116550,913192,86808,21272
5,j8_n2048,zipf,1.0,1000000,65536,32,2048,19523613,910796,89204,24210
5,mini_moka,zipf,1.0,1000000,65536,0,0,343993823,912975,87025,0
5,moka,zipf,1.0,1000000,65536,0,0,429344103,912938,87062,0
5,orig,zipf,1.2,1000000,1024,1024,1,19185081,841056,158944,157920
5,j8_n32,zipf,1.2,1000000,1024,32,32,18318456,838820,161180,160156
5,mini_moka,zipf,1.2,1000000,1024,0,0,293433490,839319,160681,0
5,moka,zipf,1.2,1000000,1024,0,0,417652994,839439,160561,0
5,orig,zipf,1.2,1000000,4096,4096,1,16771229,897791,102209,98113
5,j8_n128,zipf,1.2,1000000,4096,32,128,16426983,897179,102821,98725
5,mini_moka,zipf,1.2,1000000,4096,0,0,277799946,899823,100177,0
5,moka,zipf,1.2,1000000,4096,0,0,391796695,899476,100524,0
5,orig,zipf,1.2,1000000,16384,16384,1,14835979,937388,62612,46228
5,j8_n512,zipf,1.2,1000000,16384,32,512,15391587,936865,63135,46751
5,mini_moka,zipf,1.2,1000000,16384,0,0,276233876,936905,63095,0
5,moka,zipf,1.2,1000000,16384,0,0,376378377,936924,63076,0
5,orig,zipf,1.2,1000000,65536,65536,1,14557918,953382,46618,0
5,j8_n2048,zipf,1.2,1000000,65536,32,2048,15800287,953375,46625,128
5,mini_moka,zipf,1.2,1000000,65536,0,0,273747914,953382,46618,0
5,moka,zipf,1.2,1000000,65536,0,0,312014091,953382,46618,0
